StatuteLiteral,_charge_reconstructed
POS/ETC WPN OF MASS DEST,PC11418(A)(1)
USE WPN MS DEST:INJRY/ETC,PC11418(B)(1)
USE WPN MASS DEST GBI/DTH,PC11418(B)(2)
USE WPN MASS DEST:W/GBI,PC11418(B)(2)
USE WPN MS DEST:FOOD/WATR,PC11418(B)(3)
USE WPN MS DEST:ANML/CROP,PC11418(B)(4)
USE WPN MAS DEST:NATL RES,PC11418(C)
POS F/ARM VIOL:MURDER/ETC,PC12021.1(A)
USE DEST DEVCE:INT:MURDER,PC12308
PRVENT/DISUADE VIC/WITNES,PC136.1(A)(1)
PREVENT/DISSUADE WIT/VICT,PC136.1(A)(1)
ATT PRVNT/DISUADE VIC/WIT,PC136.1(A)(2)
ATT PREVENT/DISS WIT/VICT,PC136.1(A)(2)
ATT PRVNT/ETC VIC/ETC:RPT,PC136.1(B)(1)
INTIM WIT/VICT FR/RPRT,PC136.1(B)(1)
ATT STOP VIC/ETC:PROSCUTE,PC136.1(B)(2)
INTIM WIT/VICT FROM PROS,PC136.1(B)(2)
ATT STOP VIC/ETC:SEK ARST,PC136.1(B)(3)
INTIM WIT/VICT FR SEK ARR,PC136.1(B)(3)
ATT PRVNT WIT/VICT W/FRC,PC136.1(C)(1)
INTIMIDATE WIT/VICT,PC136.1(C)(1)
ATT PRVNT WIT/VICT CONSP,PC136.1(C)(2)
INTIMIDATE WIT/VICT,PC136.1(C)(2)
INTIM WIT/VICT:PR CONV,PC136.1(C)(3)
PRVNT/ETC WIT/VICT GAIN,PC136.1(C)(4)
INTIMIDATE WIT/VICT,PC136.1(C)(4)
ASSAULT BY PUBLIC OFFICER,PC149
ASSAULT BY PUBLIC OFFICER,PC149
PARTICIPATE:CRIM ST GANG,PC186.22(A)
PARTICIPATE:CRIME ST GANG,PC186.22(A)
PROMOTE/ETC CRIM ST GANG,PC186.22(B)(1)
CRIM ST GANG:PUB OFF CONV,PC186.22(D)
CRIM ST GANG:PUB OFF CONV,PC186.22(D)
MRDR:1ST DEG:SHOOT F/VEH,PC187(A)
MURDER:SEC DEG ON PO,PC187(A)
MURDER,PC187(A)
MURDER:FIRST DEGREE,PC187(A)
MURDER:SECOND DEGREE,PC187(A)
USE EXPLO/DEV:COMM MURDER,PC18745
USE EXPLO/DEV:CAUSE GBI,PC18750
DSTRCT DEVICE CAUSE DEATH,PC18755(A)
DESTRUCT DEVICE:MAYHM/GBI,PC18755(B)
GR VEH MANSL WHILE INTOX,PC191.5(A)
VEH MANSL WHILE INTOXICAT,PC191.5(B)
VEH MANSL WHILE INTOXICAT,PC191.5(B)
VOLUNTARY MANSLAUGHTER,PC192(A)
INVOLUNTARY MANSLAUGHTER,PC192(B)
VEH MANSL W/GROSS NEG,PC192(C)(1)
VEH MANSL W/GROSS NEGLNCE,PC192(C)(1)
VEH MANSL W/O GROSS NEG,PC192(C)(2)
VEH MNSL:CAUSE ACC F/GAIN,PC192(C)(3)
DUI VEH MANS W/O GR NEG,PC192(C)(3)
VEH MNSL W/VESSL W/GR NEG,PC192.5(A)
V/MNSL:VESS WITH/GRS NEGL,PC192.5(C)
V/MNSL:VES:ALC/DRG:NO NEG,PC192.5(C)
VEH MNSL:VES W/GROS NEGL,PC192.5(C)
MAYHEM,PC203
AGGRAVATED MAYHEM,PC205
KIDNAPPING,PC207(A)
KIDNAP -14 TO COM L&L,PC207(B)
KIDNAP: FRC/ETC OUT OF ST,PC207(C)
KIDNAP:FORC/ETC:TAKE O/ST,PC207(C)
KIDNAP:FORC/ETC:INTO CA,PC207(D)
KIDNAP CHILD UNDER 14 YRS,PC208(B)
KIDNAPPING FOR RANSOM,PC209(A)
KIDNAP TO COMMIT RAPE,PC209(B)(1)
KIDNAP TO COMMIT ROBBERY,PC209(B)(1)
KIDNAP DURING CARJACKING,PC209.5(A)
KIDNAP/CARJACK:VICT MOVED,PC209.5(B)
POSE AS KIDNAPPER:EXTORT,PC210
USE PERSON AS SHIELD,PC210.5
ROBBERY,PC211
ROBBERY:FIRST DEGREE,PC211
ROBBERY:SECOND DEGREE,PC211
ROBBERY 1ST DEG HOME INV,PC211
ROBBERY,PC212.5
ROB:1ST DEG:CAB/ETC/DWELL,PC212.5(A)
ROB:FIRST DEGREE:ATM/ETC,PC212.5(B)
ROBBERY:SECOND DEGREE,PC212.5(C)
ROB 1:INHAB DWELL:CONCERT,PC213(A)(1)(A)
ROBBERY:SECOND DEGREE,PC213(A)(2)
CARJACKING,PC215(A)
ASSAULT PUBLIC OFFICIAL,PC217.1(A)
ASSAULT PUBLIC OFFICIAL,PC217.1(A)
ATT MURDER PUB OFCL,PC217.1(B)
THROW OBJ COMMN VEH B/HRM,PC219.1
THROW OBJ:COM CARRIER VEH,PC219.1
ASLT:MAYHEM/RAPE/ETC,PC220
ASLT:PENETRATE W/OBJECT,PC220
ASSLT TO COMMIT ORAL COP,PC220
ASLT:COMIT LEWD/LASC:CHLD,PC220
ASLT:RAPE:CONCERT W/OTHER,PC220
ASLT W/INT COMT RAPE/ETC,PC220
ASSAULT:COMMIT RAPE,PC220
ASSAULT TO COMMIT SODOMY,PC220
ASSAULT TO COMMIT MAYHEM,PC220
ASSAULT W/INT TO RAPE/ETC,PC220(A)(1)
ASSAULT:W/INTENT TO RAPE,PC220(A)(1)
ASSLT W/INT TO RAPE -18,PC220(A)(2)
ASSAULT:-18 W/INT TO RAPE,PC220(A)(2)
ASLT:INTENT RAPE IN 459,PC220(B)
FALSE IMPRISONMENT,PC236
FALSE IMPRISON W/VIOLENCE,PC236
FALSE IMPRISONMENT,PC236
HUMAN TRAFFICKING/LABOR,PC236.1(A)
HMN TRFK TO CMT OTHR CRIM,PC236.1(B)
HMN TRAFF:DEPR PER LBRTY,PC236.1(B)
HMN TRFK MNR COMM SEX ACT,PC236.1(C)
HUMAN TRAFFICKING/-18YRS,PC236.1(C)
FALSE IMPRISON:VIOL/ETC,PC237(A)
FALSE IMPRISONMENT,PC237(A)
IMPRISON:ELD/ETC:VIO/ETC,PC237(B)
ASLT PO/EMERG PRSNL/ETC,PC240
ASSAULT ON PERSON,PC240
ASSAULT & BATTERY,PC240/242
ASSAULT ON PERSON,PC241(A)
ASSLT PARKING CONTRL OFCR,PC241(B)
ASLT PO/EMERG PRSNL/ETC,PC241(B)
ASLT PO/FIREFIGHTER/ETC,PC241(C)
ASLT ON CUSTODIAL OFFICER,PC241.1
ASLT ON CUSTODIAL OFFICER,PC241.1
ASLT PRSN SCH/PARK PROP,PC241.2(A)
ASLT PRSN:PUB TRANSP/ETC,PC241.3(A)
ASLT SCHOOL DISTRICT PO,PC241.4
ASLT SCHOOL DISTRICT PO,PC241.4
ASLT ON SCHOOL EMPLOYEE,PC241.6
ASSAULT ON JURORS,PC241.7
ASLT/BATT PEACE OFR/ETC,PC241/243
BAT EMERGENCY PERSON/ETC,PC242
BAT AGAINST PEACE OFFICER,PC242
BATT W/SERIOUS BODILY INJ,PC242
BATTERY,PC242
BAT:SPOUSE/EX SP/DATE/ETC,PC242
BATTERY,PC242
BATTERY ON PERSON,PC242
BAT W/SERIOUS BODILY INJ,PC242
BATTERY ON PERSON,PC243(A)
BATT PO/EMERG PRSNL/ETC,PC243(B)
BATTERY PO/ETC W/INJURY,PC243(C)
BATTERY PO/ETC W/INJURY,PC243(C)(1)
BAT EMERGENCY PERSON/ETC,PC243(C)(1)
BATTERY PO/ETC W/INJURY,PC243(C)(1)
BATT EMERGENCY PERSON/ETC,PC243(C)(1)
BATTERY AGAINST PO,PC243(C)(2)
BATTERY AGAINST PO,PC243(C)(2)
BATT W/SERIOUS BODILY INJ,PC243(D)
BATERY:SERIOUS BODILY INJ,PC243(D)
BATTERY:SPOUSE/ETC,PC243(E)
BAT:SPOUSE/EX SP/DATE/ETC,PC243(E)(1)
BATT ON CUSTODIAL OFFICER,PC243.1
BATTERY NONINMATE BY INMT,PC243.15
BATTERY NOINMATE BY INMT,PC243.15
BAT ON PRSN:SCH/PARK/ETC,PC243.2(A)
BATT ON PRSN:SCH/HOSP/ETC,PC243.2(A)(1)
BATT:ELDER/DEP ADULT,PC243.25
BAT W/INJ:TRNS WRKR/PSNGR,PC243.3
BAT:TRNSPORT PRSNL/PASNGR,PC243.3
BATT PRSN:PUB TRANSP/ETC,PC243.35(A)
SEXUAL BATTERY,PC243.4
SEXUAL BATT BY RESTRAINT,PC243.4(A)
SEXUAL BATTERY,PC243.4(A)
SEXUAL BATT BY RESTRAINT,PC243.4(A)
SEXUAL BATTERY,PC243.4(A)
SEX BAT:MEDICLY INST PRSN,PC243.4(B)
SEX BATT:MED INST PERSON,PC243.4(B)
SEXUAL BATT:UNCONS PERSON,PC243.4(C)
SEXUAL BATT:UNCONS PERSON,PC243.4(C)
SEXUAL BATT INV MASTURBTN,PC243.4(D)
SEXUAL BATT:SEX AROUSAL,PC243.4(D)
SEXUAL BATT INV MASTURBTN,PC243.4(D)
SEXUAL BATT:SEX AROUSAL,PC243.4(D)
SEXUAL BATT:SEX AROUSAL,PC243.4(E)(1)
SEXUAL BATT:W/PR FEL CONV,PC243.4(J)
BATT ON SCHOOL EMP W/INJ,PC243.6
BATT SCHOOL EMP W/O INJ,PC243.6
BATT ON SCHOOL EMPLOYEE,PC243.6
BATT AGAINST SPORTS OFCL,PC243.8(A)
BATT/GASSING PO/ETC EMP,PC243.9(A)
BATT/GASSING PO/ETC EMP,PC243.9(A)
ASSLT THROWING ACID/ETC,PC244
ASLT W/CAUSTIC CHEM/ETC,PC244
ASSAULT W/STUN GUN/TASER,PC244.5(B)
ASLT W/STUN GUN/LL WEAPON,PC244.5(B)
ASLT W/STUN GUN/LL WPN,PC244.5(B)
ASLT PO W/STUN GUN/TASER,PC244.5(C)
ASLT PO W/STUN GUN/LL WPN,PC244.5(C)
ASLT PO W/STUN GUN/LL WPN,PC244.5(C)
ADW NOT FIREARM,PC245(A)(1)
FORCE/ADW NOT FIREARM:GBI,PC245(A)(1)
ADW NOT FIREARM,PC245(A)(1)
FORCE/ADW-NOT FIREARM:GBI,PC245(A)(1)
ASLT W/FIREARM ON PERSON,PC245(A)(2)
ASLT W/FIREARM ON PERSON,PC245(A)(2)
ASLT W/MACHINEGUN ON PRSN,PC245(A)(3)
ADW/FORCE:POSSIBLE GBI,PC245(A)(4)
ADW/FORCE:POSSIBLE GBI,PC245(A)(4)
ASLT PRSN:SEMIAUTO F/ARM,PC245(B)
ADW NOT F/ARM:PO/FIRE:GBI,PC245(C)
ASSLT PO/FIRE W/FIREARM,PC245(D)(1)
ASLT PO W/FIREARM,PC245(D)(1)
ASSLT PO/FF W/SEMI F/ARM,PC245(D)(2)
ASLT:SEMIAUTO F/ARM:PO/FF,PC245(D)(2)
ASLT PO W/MACHINEGUN/ETC,PC245(D)(3)
ADW TRANSP PRSNL/ETC,PC245.2
ADW ON CUSTODIAL OFF:GBI,PC245.3
ADW/GBI SCHL EMP:NO F/ARM,PC245.5(A)
ASLT SCHOOL EMP W/FIREARM,PC245.5(B)
SHOOT:INHAB DWELL/VEH/ETC,PC246
SHOOT:INHAB DWELL/VEH/ETC,PC246
RAPE:VICT INCPBL OF CNSNT,PC261(A)(1)
RAPE BY FORCE/FEAR/ETC,PC261(A)(2)
RAPE BY USE OF DRUGS,PC261(A)(3)
RAPE OF DRUGGED VICTIM,PC261(A)(3)
RAPE:VICT UNCONSC OF ACT,PC261(A)(4)
RAPE:VICT UNCONSCIOUS,PC261(A)(4)(A)
RAPE:VICTIM NOT AWARE,PC261(A)(4)(B)
RAPE:VICTIM OF PERP FRAUD,PC261(A)(4)(C)
RAPE:VIC UNAWR:FRAUD MISR,PC261(A)(4)(D)
RAPE UNDER BELIEF KNOWN,PC261(A)(5)
RAPE:VICT KNOWS PERSON,PC261(A)(5)
RAPE:VICT THINKS SPOUSE,PC261(A)(5)
RAPE:THREAT RETALIATION,PC261(A)(6)
RAPE BY THREAT ARR/DEPORT,PC261(A)(7)
RAPE:THREAT:AUTH:ARST/ETC,PC261(A)(7)
SEX INTERCOURSE W/MNR -18,PC261.5(A)
SEX W/MINOR:+ OR - 3 YRS,PC261.5(B)
SEX W/MINOR:3+ YRS YOUNGR,PC261.5(C)
SEX W/MINOR:3+ YRS YOUNGR,PC261.5(C)
SEX W/MINOR:SPEC CIRC,PC261.5(C)
SEX W/MNR:PERP 21+ VIC-16,PC261.5(D)
SEX W/MINOR -16:PERP 21+,PC261.5(D)
DISCHRG F/ARM VEH AT PRSN,PC26100(C)
SHOOT AT PERSON FROM VEH,PC26100(C)
DISCHARGE F/ARM FROM VEH,PC26100(D)
DISCHARGE F/A FROM VEH,PC26100(D)
RAPE SPOUSE UND C/SUB/ETC,PC262(A)(2)
RAPE SPOUS:THRET:ARST/ETC,PC262(A)(5)
RAPE:UPON CHILD-14 YRS,PC264(C)(1)
RAPE:MINOR 14+ YEARS,PC264(C)(2)
RAPE/ETC:CNCRT FORCE/VIOL,PC264.1
RAPE FRC/VIOL IN CONCERT,PC264.1(A)
RAPE/ETC:CNCRT FORCE/VIOL,PC264.1(A)
RAPE FRC CONCERT CHLD -14,PC264.1(B)(1)
RAPE:CNCRT/FORCE:CHILD-14,PC264.1(B)(1)
RAPE FRC CONCERT CHLD 14+,PC264.1(B)(2)
RAPE:CNCRT/FORCE:MNR 14+,PC264.1(B)(2)
ENTICE MNR FOR PROST/ETC,PC266
ENTICE MIN FEM: PROSTITU,PC266
ENTICE MNR FOR PROST/ETC,PC266
ENTICE MINOR FEM:PROSTITU,PC266
PROCURE FORCE/FRAUD PROST,PC266A
TAKE PRSN TO PROSTITUTE,PC266A
ABDUCT BY FRC ILCIT RELTN,PC266B
TAKE PRSN FOR ILLICIT REL,PC266B
NDUCE SEX/ACT:FLS REP/ETC,PC266C
NDUCE SEX/ACT:FLS REP/ETC,PC266C
RECEIVE MONEY:COHAB PLCMT,PC266D
PAY FOR PROSTITUTION/ETC,PC266E
SELL PERSN FR IMMRL PURPS,PC266F
PANDER:IMMORAL PURPOSE,PC266F
PROST WIFE BY FRC/FEAR,PC266G
PLACE WIFE IN BROTHEL,PC266G
PIMPING,PC266H(A)
PIMPING:PROSTITUTE 16+,PC266H(B)(1)
PIMPING:PROSTITUTE -16,PC266H(B)(2)
PANDERING,PC266I(A)
PANDER:PROCR PRSN F/PROST,PC266I(A)(1)
PANDER PRSN F/PROST:THRET,PC266I(A)(2)
PANDER:PROCR PLACE F/PRST,PC266I(A)(3)
PANDER ENCRG PLACE PROST,PC266I(A)(4)
PANDER ABS POWER F/PROST,PC266I(A)(5)
PANDER RCV MNY PRCR PROST,PC266I(A)(6)
PANDERING:OTHR PERSON 16+,PC266I(B)(1)
PANDERING:OTHR PERSON -16,PC266I(B)(2)
PROCR MNR -16 FOR SEX ACT,PC266J
PROCURE CHILD UND 16 L&L,PC266J
AGG SEXUAL ASLT OF CHILD,PC269
AGG SX ASSLT MNR -14 RAPE,PC269(A)(1)
AGG SEX ASLT:MNR:FRCE/ETC,PC269(A)(1)
AGG SX ASSLT MNR-14 CNCRT,PC269(A)(2)
AGG SEX ASLT:MNR:264.1PC,PC269(A)(2)
AGG SX ASSLT MNR-14 SODMY,PC269(A)(3)
AGG SEX ASLT:MNR:SDMY/ETC,PC269(A)(3)
AGG SX ASSLT MNR -14 ORAL,PC269(A)(4)
AGG SEX ASLT:MNR:ORAL/ETC,PC269(A)(4)
AGG SEX ASLT:MNR:FRGN OBJ,PC269(A)(5)
CONTRIB TO DELINQ OF MINR,PC272
CONTRIB DELINQUENCY MINOR,PC272(A)(1)
CDM ADLT STRNGR LR MNR-14,PC272(B)(1)
CDM:ADULT STRNGR LURE MNR,PC272(B)(1)
PAY/RCV MONEY FR ADOPTION,PC273(A)
ILLEGAL PAY FOR ADOPTION,PC273(A)
PARENT RCV MULT BEN ADPTN,PC273(D)
MULTIPLE PAY:ADOPTION,PC273(D)
INFLICT CRPL INJ SP/COHAB,PC273.5
CRPL INJ:SPOUS/COHAB/DATE,PC273.5(A)
INF CORP INJ:SPOUSE/COHAB,PC273.5(A)
CRPL INJ:SPOUS/COHAB/DATE,PC273.5(A)
CORP INJ ON SPOUSE/COHAB,PC273.5(A)
CORP INJ SPOUSE/ETC W/PR,PC273.5(F)(1)
INF INJ:SPS/ETC W/PR ASLT,PC273.5(F)(1)
CORP INJ SPOUSE/ETC W/PR,PC273.5(F)(1)
INF INJ:SPS/ETC W/PR ASLT,PC273.5(F)(1)
CORP INJ SPOUSE W/PR BATT,PC273.5(F)(2)
INF INJ:SPS W/PR SPS BAT,PC273.5(F)(2)
CORP INJ SPOUSE W/PR BATT,PC273.5(F)(2)
INF INJ:SPS W/PR SPS BAT,PC273.5(F)(2)
VIOL CRT ORD DOM VIOLENCE,PC273.6(A)
VIO ORD:PREVNT DOMES VIOL,PC273.6(A)
VIOL CRT ORD DOM VIOL INJ,PC273.6(B)
VIO DOM VIO CRT ORD:P/INJ,PC273.6(B)
VIOL CRT ORD:VIO 7 YRS PR,PC273.6(D)
DOMESTIC VIOLENCE W/PR,PC273.6(D)
VIOL CRT ORD:VIO 7 YRS PR,PC273.6(D)
DOMESTIC VIOLENCE W/PRIOR,PC273.6(D)
VIOL CRT ORD VIO W/PR INJ,PC273.6(E)
DSOBEY DOM REL CRT ORD/PR,PC273.6(E)
VIOL CRT ORD VIO W/PR INJ,PC273.6(E)
DSOBEY DOM REL CRT ORD/PR,PC273.6(E)
VIOL PROT ORDER W/MINOR,PC273.65(A)
VIOL PROTECTIVE ORDER:MNR,PC273.65(A)
DISCLS LOC DOM VIOL SHLTR,PC273.7(A)
WILLFUL CRUELTY TO CHILD,PC273A
CHLD ABUSE W/POSS GBI/DTH,PC273A(A)
CHILD CRUELTY:POS INJ/DTH,PC273A(A)
CHLD ABUSE W/POSS GBI/DTH,PC273A(A)
CRUEL TO CHLD:POS INJ/DTH,PC273A(A)
CHILD ABUSE W/O GBI/DTH,PC273A(B)
WILLFUL CRUELTY TO CHILD,PC273A(B)
ASAULT CHILD -8:GBI:DEATH,PC273AB
ASSLT CHLD-8 GBI RSLT DTH,PC273AB(A)
ASSULT CHILD -8:GBI:DEATH,PC273AB(A)
ASLT CHILD-8:GBI:PERM INJ,PC273AB(B)
INFLICT INJURY ON CHILD,PC273D
CORPORAL INJ/ETC ON CHILD,PC273D(A)
INFLICT INJ/ETC ON CHILD,PC273D(A)
CORPORAL INJ/ETC ON CHILD,PC273D(A)
INFLICT INJ/ETC ON CHILD,PC273D(A)
MINOR IN IMPROPER PLACE,PC273E
MINOR IN IMMORAL PLACE,PC273F
IMMORAL ACTS BEFORE CHILD,PC273G
PUBLSH INFO MNR COMMT CRM,PC273I(A)
PUBLISH INFO DEPICT CHILD,PC273I(A)
CHILD STEALING,PC278
CHILD STEALING,PC278
VIOLATION CUSTODY DECREE,PC278.5
VIOLATION CUSTODY DECREE,PC278.5
VIOLATION CUSTODY DECREE,PC278.5(A)
DEPRIVE RIGHTS:CUST/VISIT,PC278.5(A)
VIOLATION CUSTODY DECREE,PC278.5(A)
SODOMY,PC286(A)
SODOMY:PERSON UNDER 18,PC286(B)(1)
SODOMY W/PERSON UNDER 18,PC286(B)(1)
SODOMY:PERSON UNDER 16,PC286(B)(2)
SODOMY:UNDER 14 OR W/FORC,PC286(C)
SODOMY W/MNR UNDER 14 YRS,PC286(C)
SODOMY WITH FORCE,PC286(C)
SODOMY:PERSON UNDER 14,PC286(C)(1)
PRIOR CODE:SDMY W/MNR-14,PC286(C)(2)
PRIOR CODE:SODOMY W/FORCE,PC286(C)(2)
SODOMY:USE FORCE/INJURY,PC286(C)(2)
SODOMY BY FORCE/VIOL/FEAR,PC286(C)(2)(A)
SODOMY BY FORCE/VIOL -14,PC286(C)(2)(B)
SODOMY BY THREAT,PC286(C)(3)
SODOMY IN CONCERT W/FORCE,PC286(D)
SODOMY IN CONCERT W/FORCE,PC286(D)(1)
SODOMY:VICT UNCONS OF ACT,PC286(F)
SDMY:VICT INCAPBL:CONSENT,PC286(G)
SODOMY VICT INTOX/DRUGGED,PC286(I)
SODOMY:NO OK:VICT DRUGGED,PC286(I)
SODOMY:VICT KNOWS PERSON,PC286(J)
SOD:VIC THINKS ITS SPOUSE,PC286(J)
SEXUAL ASSAULT ON ANIMAL,PC286.5
SEXUAL CONTACT W/ANIMAL,PC286.5(A)
ORAL COPULATION:-18 YRS,PC287(B)(1)
ORAL COPULATION:-18 YRS,PC287(B)(1)
ORAL COPULATION:-16 YRS,PC287(B)(2)
ORAL COPULATION:-14 YRS,PC287(C)(1)
ORAL COP:USE FORCE/INJURY,PC287(C)(2)(A)
ORAL COP:14+ FORCE/INJURY,PC287(C)(2)(C)
ORAL COP IN CONCRT W/FORC,PC287(D)(1)(A)
ORAL COP:CONCRT:FORCE -14,PC287(D)(2)
ORAL COP:VIC UNCON OF ACT,PC287(F)
ORAL COP:VIC UNCON/ASLEEP,PC287(F)(1)
ORAL COP:VIC INCAP CONSNT,PC287(G)
ORAL COP:VICTIM INTOX/ETC,PC287(I)
L&L W/CHILD UNDER 14,PC288(A)
L&L W/CHILD -14:FORCE/ETC,PC288(B)(1)
CTAKR L&L DEP ADL:FRC/ETC,PC288(B)(2)
L&L W/CHILD 14 OR 15 YRS,PC288(C)(1)
L&L ACTS W/CHILD:AGE SPEC,PC288(C)(1)
L&L W/CHILD 14 OR 15 YRS,PC288(C)(1)
L&L ACTS W/CHILD:AGE SPEC,PC288(C)(1)
L&L W/DEP ADLT BY CARETKR,PC288(C)(2)
L&L W/DEP ADLT BY CARETKR,PC288(C)(2)
HARMF MATR SENT:SDUCE MNR,PC288.2(A)
SEND/ETC HRMFL:MNR:SEDUCE,PC288.2(A)
HRMFL MTR SENT INT/SX MNR,PC288.2(A)(1)
HRMF MAT SENT:SEX INT MNR,PC288.2(A)(1)
HRMFL MTR SENT INT/SX MNR,PC288.2(A)(1)
HRMF MAT SENT:SEX INT MNR,PC288.2(A)(1)
HRMFL MAT SENT:SEDUCE MNR,PC288.2(A)(2)
HRMFL MAT SENT:SEDUCE MNR,PC288.2(A)(2)
HARMFL MAT:EMAIL/ETC:MNR,PC288.2(B)
HARMFUL MAT:EMAIL/ETC:MNR,PC288.2(B)
HARMF MAT:EMAIL/ETC:MNR,PC288.2(B)
CONTACT MNR W/INTENT SEX,PC288.3
CONT MNR W/INT SEX:290.46,PC288.3
CONTACT MNR W/INTENT SEX,PC288.3(A)
CONT MNR W/INT SEX:290.46,PC288.3(A)
CONTACT MNR W/INTENT SEX,PC288.4
CONTACT MNR W/INTENT SEX,PC288.4
ARRANGE MTG W/MINOR,PC288.4(A)(1)
ARRANGE MTG W/MINOR W/PR,PC288.4(A)(2)
SX OFF W/PRIOR ARANGE MTG,PC288.4(A)(2)
ARRANGE/GO TO MTG W/MINOR,PC288.4(B)
CONT SEX ABUSE OF CHILD,PC288.5(A)
SODOMY VICTIM -10 YRS,PC288.7(A)
SDMY:VICTIM UNDER 10YRS,PC288.7(A)
ORAL COP:VICT UNDER 10YRS,PC288.7(B)
ORAL COPULATION,PC288A
ORAL COPULATION,PC288A(A)
ORAL COPULATION,PC288A(B)
ORAL COP:PERSON UNDER 18,PC288A(B)(1)
ORAL COP:PERSON UNDER 18,PC288A(B)(1)
ORAL COP:PERSON UNDER 16,PC288A(B)(2)
ORL COP:-14/ETC O/FRC/ETC,PC288A(C)
ORAL COP W/MNR UNDER 14YR,PC288A(C)
ORAL COP BY FORCE/FEAR,PC288A(C)
ORAL COP:PERSON -14YR/ETC,PC288A(C)(1)
ORAL COP:USE FORCE/INJURY,PC288A(C)(2)
ORAL COP:USE FORCE/INJURY,PC288A(C)(2)(A)
ORAL COP:-14 W/FRCE INJRY,PC288A(C)(2)(B)
ORAL COP:THREAT RETALIATE,PC288A(C)(3)
ORAL COP:CONCERT:FORC/ETC,PC288A(D)
ORAL COP IN CONCRT W/FORC,PC288A(D)(1)
ORAL COP:CNCRT:THREAT:RET,PC288A(D)(2)
ORL COP:CNCRT:VIC INCAPBL,PC288A(D)(3)
ORAL COP:IN PRISON,PC288A(E)
ORAL COP:IN PRISON/JAIL,PC288A(E)
ORAL COP:VIC UNCON OF ACT,PC288A(F)
ORAL COP:VIC UNCON/ASLEEP,PC288A(F)(1)
ORAL COP:VIC UNAWARE,PC288A(F)(2)
ORAL COP:PERP FRAUD,PC288A(F)(3)
ORAL COP:FRAUD PROF PURP,PC288A(F)(4)
ORAL COP:VICT INCAP CNSNT,PC288A(G)
ORL COP:VIC/DEF IN ST HOS,PC288A(H)
ORAL COP:VIC IN STATE HOS,PC288A(H)
ORAL COP:VICTIM INTOX/ETC,PC288A(I)
ORL COP:VIC KNOWS PERSON,PC288A(J)
ORL COP:VIC THINKS SPOUSE,PC288A(J)
ORAL COP:THRT:ARST/DEPORT,PC288A(K)
SEX PENETRATION:FORCE/ETC,PC289(A)(1)
SEX PENETRATION:FORCE/ETC,PC289(A)(1)(A)
SEX PEN W/FORCE/ETC -14,PC289(A)(1)(B)
SEX PENTRATION FORCE/ETC,PC289(A)(1)(B)
SEX PEN W/FORCE/ETC 14+,PC289(A)(1)(C)
SEX PENTRATION FORCE/ETC,PC289(A)(1)(C)
SEX PEN THRT RETALIATION,PC289(A)(2)
SEX PEN:THRET RETALIATION,PC289(A)(2)
SEX PEN VICT INCPBL CNSNT,PC289(B)
SEX/P FRGN OBJ/ETC:INCAPB,PC289(B)
SEX PEN INCAP CONS MENTAL,PC289(C)
F/OBJ/ETC:VIC/DEF:MENTAL,PC289(C)
SEX PEN:NO CNSENT:MENTAL,PC289(C)
PEN:F/OBJ/ETC:VIC UNAWARE,PC289(D)
PEN:F/OBJ/ETC:VIC UNCONS,PC289(D)(1)
SEX PEN:PERP FRAUD,PC289(D)(3)
SEX PEN:FRAUD MISREP,PC289(D)(4)
PEN:F/OBJ/ETC:VIC DRG/ETC,PC289(E)
PEN:F/OBJ/ETC:BELEV SPOUS,PC289(F)
SEX PEN THREAT ARREST/ETC,PC289(G)
SEX F/OBJ/ETC:AREST THRET,PC289(G)
SEXUAL PEN VICTIM -18,PC289(H)
SEX:FRGN OBJ/ETC:VIC -18,PC289(H)
SEXUAL PEN VICTIM -18,PC289(H)
SEX PENETRATION:VIC -18YR,PC289(H)
SEXUAL PEN 21+ VICTIM -16,PC289(I)
SEX PEN F/OBJ/ETC:VIC -16,PC289(I)
SEX PEN -14 10+ YRS YNGR,PC289(J)
SEX PEN:F/OBJ/ETC:VIC -14,PC289(J)
SEND/SELL/ETC OBS MTR:MNR,PC311.1(A)
SEND/SELL/ETC OBS MTR:MNR,PC311.1(A)
ADV OBSCN MTR DEPIC MNR,PC311.10
ADV OBSCN MTR DEPIC MNR,PC311.10
POSS/ETC OBS MTR:MNR:SEX,PC311.11(A)
POSS/ETC OBS MTR:MNR:SEX,PC311.11(A)
POSS OBSC MTR MINOR W/PR,PC311.11(B)
POSS OBS MTR:MNR:ATTEMPT,PC311.11(B)
POSS OBSC MTR -12 SEX ACT,PC311.11(C)(1)
OBSCN IMAGS:MNR SEX ACT,PC311.11(C)(1)
POSS OBSC MTR -12 SEX ACT,PC311.11(C)(1)
OBSCN IMAGS:MNR SEX ACT,PC311.11(C)(1)
OBSCN MAT:MNR SEX SADISM,PC311.11(C)(2)
OBSCN MAT:MNR SEX SADISM,PC311.11(C)(2)
SEND/POS/ETC OBS MTR:W/PR,PC311.2(A)
SEND/POS/ETC OBSCEN MATER,PC311.2(A)
OBS MATR OF MNR:COMRCIALY,PC311.2(B)
DIST OBSC MTR MNR SEX MNR,PC311.2(D)
OBS MTR:MNR:DIST/ETC MNR,PC311.2(D)
SEXL EXPL MNR DPICT SX PR,PC311.3(A)
SEX EXP CHLD:DEPIC SEX:PR,PC311.3(A)
SEXL EXPL MNR DPICT SX PR,PC311.3(A)
SEX EXP CHILD:DEPICT SEX,PC311.3(A)
SEX EXPLOIT MNR:SEX ACT,PC311.3(B)
SEX EXPLOIT MNR:SEX ACT,PC311.3(B)
USE/ETC MNR OBS MATR W/PR,PC311.4(A)
USE/ETC MNR:OBSCENE MATER,PC311.4(A)
USE/ETC MNR:CMRCL OBS MTR,PC311.4(B)
USE/ETC MNR:OBSCENE MATER,PC311.4(C)
OBSCENE LIVE CONDUCT:PUB,PC311.6
ASSLT DDLY WPN LIFE PRSNR,PC4500
ASSAULT BY LIFE PRISONER,PC4500
ARSON CAUSING GBI,PC451(A)
ARSON:INHABITED STRUCTURE,PC451(B)
BURGLARY:FIRST DEGREE,PC460(A)
GRAND THEFT:FIREARM,PC487(D)(2)
